x0000,y0000
0.,0.
0.01,0.
0.02,0.
0.03,0.
0.04,0.
0.05,0.
0.06,0.
0.07,0.
0.08,0.
0.09,0.
0.1,0.
0.11,0.
0.12,0.
0.13,0.
0.14,0.
0.15,0.
0.16,0.
0.17,0.
0.18,0.
0.19,0.
0.2,0.
0.21,0.
0.22,0.
0.23,0.
0.24,0.
0.25,0.
0.26,0.
0.27,0.
0.28,0.
0.29,0.
0.3,0.
0.31,0.
0.32,0.
0.33,0.
0.34,0.
0.35,0.
0.36,0.
0.37,0.
0.38,0.
0.39,0.
0.4,0.
0.41,0.
0.42,0.
0.43,0.
0.44,0.
0.45,0.
0.46,0.
0.47,0.
0.48,0.
0.49,0.
0.5,0.
0.51,0.
0.52,0.
0.53,0.
0.54,0.
0.55,0.
0.56,0.
0.57,0.
0.58,0.
0.59,0.
0.6,0.
0.61,0.
0.62,0.
0.63,0.
0.64,0.
0.65,0.
0.66,0.
0.67,0.
0.68,0.
0.69,0.
0.7,0.
0.71,0.
0.72,0.
0.73,0.
0.74,0.
0.75,0.
0.76,0.
0.77,0.
0.78,0.
0.79,0.
0.8,0.
0.81,0.
0.82,0.
0.83,0.
0.84,0.
0.85,0.
0.86,0.
0.87,0.
0.88,0.
0.89,0.
0.9,0.
0.91,0.
0.92,0.
0.93,0.
0.94,0.
0.95,0.
0.96,0.
0.97,0.
0.98,0.
0.99,0.
1.,0.
1.01,0.
1.02,0.
1.03,0.
1.04,0.
1.05,0.
1.06,0.
1.07,0.
1.08,0.
1.09,0.
1.1,0.
1.11,0.
1.12,0.
1.13,0.
1.14,0.
1.15,0.
1.16,0.
1.17,0.
1.18,0.
1.19,0.
1.2,0.
1.21,0.
1.22,0.
1.23,0.
1.24,0.
1.25,0.
1.26,0.
1.27,0.
1.28,0.
1.29,0.
1.3,0.
1.31,0.
1.32,0.
1.33,0.
1.34,0.
1.35,0.
1.36,0.
1.37,0.
1.38,0.
1.39,0.
1.4,0.
1.41,0.
1.42,0.
1.43,0.
1.44,0.
1.45,0.
1.46,0.
1.47,0.
1.48,0.
1.49,0.
1.5,0.
1.51,0.
1.52,0.
1.53,0.
1.54,0.
1.55,0.
1.56,0.
1.57,0.
1.58,0.
1.59,0.
1.6,0.
1.61,0.
1.62,0.
1.63,0.
1.64,0.
1.65,0.
1.66,0.
1.67,0.
1.68,0.
1.69,0.
1.7,0.
1.71,0.
1.72,0.
1.73,0.
1.74,0.
1.75,0.
1.76,0.
1.77,0.
1.78,0.
1.79,0.
1.8,0.
1.81,0.
1.82,0.
1.83,0.
1.84,0.
1.85,0.
1.86,0.
1.87,0.
1.88,0.
1.89,0.
1.9,0.
1.91,0.
1.92,0.
1.93,0.
1.94,0.
1.95,0.
1.96,0.
1.97,0.
1.98,0.
1.99,0.
2.,0.
2.01,0.
2.02,0.
2.03,0.
2.04,0.
2.05,0.
2.06,0.
2.07,0.
2.08,0.
2.09,0.
2.1,0.
2.11,0.
2.12,0.
2.13,0.
2.14,0.
2.15,0.
2.16,0.
2.17,0.
2.18,0.
2.19,0.
2.2,0.
2.21,0.
2.22,0.
2.23,0.
2.24,0.
2.25,0.
2.26,0.
2.27,0.
2.28,0.
2.29,0.
2.3,0.
2.31,0.
2.32,0.
2.33,0.
2.34,0.
2.35,0.
2.36,0.
2.37,0.
2.38,0.
2.39,0.
2.4,0.
2.41,0.
2.42,0.
2.43,0.
2.44,0.
2.45,0.
2.46,0.
2.47,0.
2.48,0.
2.49,0.
2.5,0.
2.51,0.
2.52,0.
2.53,0.
2.54,0.
2.55,0.
2.56,0.
2.57,0.
2.58,0.
2.59,0.
2.6,0.
2.61,0.
2.62,0.
2.63,0.
2.64,0.
2.65,0.
2.66,0.
2.67,0.
2.68,0.
2.69,0.
2.7,0.
2.71,0.
2.72,0.
2.73,0.
2.74,0.
2.75,0.
2.76,0.
2.77,0.
2.78,0.
2.79,0.
2.8,0.
2.81,0.
2.82,0.
2.83,0.
2.84,0.
2.85,0.
2.86,0.
2.87,0.
2.88,0.
2.89,0.
2.9,0.
2.91,0.
2.92,0.
2.93,0.
2.94,0.
2.95,0.
2.96,0.
2.97,0.
2.98,0.
2.99,0.
3.,1119.
3.01,1454.
3.02,1444.
3.03,1482.
3.04,1468.
3.05,1442.
3.06,1538.
3.07,1457.
3.08,1553.
3.09,1409.
3.1,1448.
3.11,1451.
3.12,1402.
3.13,1443.
3.14,1392.
3.15,1436.
3.16,1439.
3.17,1373.
3.18,1404.
3.19,1361.
3.2,1413.
3.21,1331.
3.22,1357.
3.23,1397.
3.24,1371.
3.25,1404.
3.26,1306.
3.27,1335.
3.28,1322.
3.29,1363.
3.3,1325.
3.31,1283.
3.32,1255.
3.33,1267.
3.34,1285.
3.35,1336.
3.36,1308.
3.37,1324.
3.38,1259.
3.39,1222.
3.4,1262.
3.41,1263.
3.42,1284.
3.43,1213.
3.44,1304.
3.45,1223.
3.46,1255.
3.47,1256.
3.48,1274.
3.49,1257.
3.5,1224.
3.51,1225.
3.52,1250.
3.53,1315.
3.54,1280.
3.55,1234.
3.56,1206.
3.57,1206.
3.58,1290.
3.59,1244.
3.6,1186.
3.61,1208.
3.62,1246.
3.63,1181.
3.64,1288.
3.65,1172.
3.66,1239.
3.67,1215.
3.68,1244.
3.69,1239.
3.7,1214.
3.71,1148.
3.72,1209.
3.73,1190.
3.74,1114.
3.75,1248.
3.76,1182.
3.77,1275.
3.78,1175.
3.79,1224.
3.8,1175.
3.81,1153.
3.82,1116.
3.83,1126.
3.84,1167.
3.85,1199.
3.86,1107.
3.87,1150.
3.88,1126.
3.89,1179.
3.9,1134.
3.91,1106.
3.92,1162.
3.93,1116.
3.94,1109.
3.95,1156.
3.96,1111.
3.97,1156.
3.98,1155.
3.99,1144.
4.,1179.
4.01,1145.
4.02,1086.
4.03,1104.
4.04,1110.
4.05,1114.
4.06,1151.
4.07,1090.
4.08,1052.
4.09,1109.
4.1,1114.
4.11,1162.
4.12,1144.
4.13,1115.
4.14,1088.
4.15,1092.
4.16,1001.
4.17,1074.
4.18,1063.
4.19,1056.
4.2,1048.
4.21,1149.
4.22,1078.
4.23,1029.
4.24,1117.
4.25,1050.
4.26,1140.
4.27,1081.
4.28,1119.
4.29,1142.
4.3,1095.
4.31,1058.
4.32,1104.
4.33,1104.
4.34,1019.
4.35,1078.
4.36,1058.
4.37,1015.
4.38,984.
4.39,1072.
4.4,1014.
4.41,1029.
4.42,1046.
4.43,984.
4.44,1122.
4.45,1033.
4.46,1040.
4.47,1029.
4.48,981.
4.49,1008.
4.5,1049.
4.51,1070.
4.52,1036.
4.53,980.
4.54,1063.
4.55,1020.
4.56,1035.
4.57,1033.
4.58,1056.
4.59,1084.
4.6,973.
4.61,970.
4.62,1024.
4.63,973.
4.64,1051.
4.65,987.
4.66,978.
4.67,955.
4.68,1004.
4.69,972.
4.7,948.
4.71,1028.
4.72,1032.
4.73,1011.
4.74,1007.
4.75,1020.
4.76,1071.
4.77,993.
4.78,993.
4.79,901.
4.8,993.
4.81,987.
4.82,975.
4.83,932.
4.84,1026.
4.85,996.
4.86,979.
4.87,968.
4.88,952.
4.89,940.
4.9,969.
4.91,942.
4.92,962.
4.93,975.
4.94,972.
4.95,961.
4.96,961.
4.97,944.
4.98,926.
4.99,868.
5.,954.
5.01,950.
5.02,932.
5.03,908.
5.04,911.
5.05,916.
5.06,995.
5.07,934.
5.08,991.
5.09,985.
5.1,969.
5.11,944.
5.12,929.
5.13,926.
5.14,965.
5.15,918.
5.16,914.
5.17,960.
5.18,927.
5.19,947.
5.2,935.
5.21,962.
5.22,902.
5.23,974.
5.24,882.
5.25,856.
5.26,941.
5.27,918.
5.28,930.
5.29,976.
5.3,934.
5.31,920.
5.32,894.
5.33,901.
5.34,915.
5.35,935.
5.36,966.
5.37,955.
5.38,938.
5.39,931.
5.4,977.
5.41,921.
5.42,912.
5.43,913.
5.44,925.
5.45,911.
5.46,938.
5.47,907.
5.48,933.
5.49,872.
5.5,904.
5.51,925.
5.52,912.
5.53,945.
5.54,906.
5.55,857.
5.56,918.
5.57,905.
5.58,890.
5.59,902.
5.6,915.
5.61,896.
5.62,862.
5.63,869.
5.64,895.
5.65,909.
5.66,866.
5.67,909.
5.68,976.
5.69,894.
5.7,926.
5.71,897.
5.72,871.
5.73,886.
5.74,878.
5.75,883.
5.76,819.
5.77,941.
5.78,866.
5.79,866.
5.8,880.
5.81,902.
5.82,850.
5.83,873.
5.84,940.
5.85,920.
5.86,843.
5.87,861.
5.88,872.
5.89,839.
5.9,886.
5.91,878.
5.92,843.
5.93,921.
5.94,872.
5.95,838.
5.96,857.
5.97,902.
5.98,901.
5.99,867.
6.,869.
6.01,817.
6.02,836.
6.03,823.
6.04,848.
6.05,898.
6.06,915.
6.07,849.
6.08,874.
6.09,819.
6.1,917.
6.11,786.
6.12,833.
6.13,833.
6.14,881.
6.15,827.
6.16,838.
6.17,822.
6.18,783.
6.19,850.
6.2,873.
6.21,878.
6.22,824.
6.23,837.
6.24,839.
6.25,845.
6.26,838.
6.27,835.
6.28,881.
6.29,854.
6.3,812.
6.31,775.
6.32,829.
6.33,830.
6.34,857.
6.35,851.
6.36,797.
6.37,819.
6.38,875.
6.39,833.
6.4,815.
6.41,841.
6.42,769.
6.43,823.
6.44,788.
6.45,836.
6.46,834.
6.47,765.
6.48,855.
6.49,872.
6.5,802.
6.51,800.
6.52,835.
6.53,801.
6.54,836.
6.55,783.
6.56,780.
6.57,804.
6.58,757.
6.59,736.
6.6,773.
6.61,776.
6.62,788.
6.63,795.
6.64,808.
6.65,779.
6.66,774.
6.67,819.
6.68,798.
6.69,791.
6.7,728.
6.71,764.
6.72,714.
6.73,736.
6.74,752.
6.75,739.
6.76,787.
6.77,780.
6.78,829.
6.79,774.
6.8,770.
6.81,774.
6.82,815.
6.83,816.
6.84,768.
6.85,766.
6.86,779.
6.87,786.
6.88,776.
6.89,787.
6.9,781.
6.91,780.
6.92,740.
6.93,765.
6.94,763.
6.95,753.
6.96,799.
6.97,773.
6.98,742.
6.99,780.
7.,738.
7.01,736.
7.02,735.
7.03,767.
7.04,784.
7.05,770.
7.06,810.
7.07,751.
7.08,797.
7.09,770.
7.1,764.
7.11,794.
7.12,788.
7.13,744.
7.14,725.
7.15,728.
7.16,743.
7.17,747.
7.18,707.
7.19,763.
7.2,762.
7.21,780.
7.22,774.
7.23,778.
7.24,777.
7.25,755.
7.26,790.
7.27,790.
7.28,746.
7.29,761.
7.3,761.
7.31,759.
7.32,759.
7.33,757.
7.34,739.
7.35,751.
7.36,800.
7.37,752.
7.38,743.
7.39,740.
7.4,739.
7.41,749.
7.42,719.
7.43,766.
7.44,708.
7.45,764.
7.46,702.
7.47,793.
7.48,733.
7.49,756.
7.5,732.
7.51,773.
7.52,706.
7.53,767.
7.54,786.
7.55,734.
7.56,737.
7.57,744.
7.58,675.
7.59,692.
7.6,733.
7.61,745.
7.62,793.
7.63,675.
7.64,708.
7.65,732.
7.66,681.
7.67,777.
7.68,701.
7.69,722.
7.7,712.
7.71,727.
7.72,707.
7.73,737.
7.74,657.
7.75,735.
7.76,671.
7.77,720.
7.78,716.
7.79,729.
7.8,719.
7.81,730.
7.82,735.
7.83,747.
7.84,706.
7.85,708.
7.86,676.
7.87,719.
7.88,664.
7.89,675.
7.9,742.
7.91,707.
7.92,705.
7.93,671.
7.94,660.
7.95,684.
7.96,677.
7.97,727.
7.98,707.
7.99,699.
8.,672.
8.01,739.
8.02,652.
8.03,691.
8.04,685.
8.05,702.
8.06,742.
8.07,740.
8.08,703.
8.09,685.
8.1,704.
8.11,697.
8.12,723.
8.13,716.
8.14,730.
8.15,682.
8.16,676.
8.17,637.
8.18,656.
8.19,676.
8.2,677.
8.21,691.
8.22,720.
8.23,685.
8.24,692.
8.25,662.
8.26,713.
8.27,717.
8.28,659.
8.29,665.
8.3,688.
8.31,665.
8.32,665.
8.33,719.
8.34,681.
8.35,681.
8.36,695.
8.37,665.
8.38,683.
8.39,688.
8.4,691.
8.41,709.
8.42,705.
8.43,692.
8.44,711.
8.45,693.
8.46,634.
8.47,678.
8.48,672.
8.49,690.
8.5,719.
8.51,635.
8.52,709.
8.53,690.
8.54,649.
8.55,658.
8.56,698.
8.57,636.
8.58,680.
8.59,695.
8.6,673.
8.61,641.
8.62,690.
8.63,658.
8.64,703.
8.65,692.
8.66,651.
8.67,631.
8.68,630.
8.69,635.
8.7,643.
8.71,625.
8.72,688.
8.73,712.
8.74,641.
8.75,659.
8.76,675.
8.77,682.
8.78,660.
8.79,696.
8.8,672.
8.81,655.
8.82,633.
8.83,595.
8.84,647.
8.85,675.
8.86,598.
8.87,590.
8.88,685.
8.89,619.
8.9,624.
8.91,647.
8.92,654.
8.93,665.
8.94,626.
8.95,577.
8.96,602.
8.97,687.
8.98,664.
8.99,681.
9.,591.
9.01,658.
9.02,643.
9.03,648.
9.04,625.
9.05,676.
9.06,613.
9.07,647.
9.08,642.
9.09,626.
9.1,671.
9.11,639.
9.12,703.
9.13,628.
9.14,630.
9.15,657.
9.16,628.
9.17,684.
9.18,673.
9.19,628.
9.2,635.
9.21,634.
9.22,592.
9.23,623.
9.24,624.
9.25,657.
9.26,640.
9.27,609.
9.28,648.
9.29,631.
9.3,624.
9.31,630.
9.32,603.
9.33,649.
9.34,652.
9.35,615.
9.36,664.
9.37,605.
9.38,584.
9.39,607.
9.4,621.
9.41,617.
9.42,604.
9.43,637.
9.44,619.
9.45,610.
9.46,603.
9.47,572.
9.48,660.
9.49,617.
9.5,595.
9.51,618.
9.52,626.
9.53,583.
9.54,589.
9.55,602.
9.56,616.
9.57,649.
9.58,583.
9.59,612.
9.6,623.
9.61,599.
9.62,562.
9.63,589.
9.64,596.
9.65,653.
9.66,595.
9.67,615.
9.68,601.
9.69,612.
9.7,618.
9.71,592.
9.72,591.
9.73,699.
9.74,610.
9.75,541.
9.76,570.
9.77,585.
9.78,644.
9.79,579.
9.8,575.
9.81,593.
9.82,609.
9.83,618.
9.84,603.
9.85,599.
9.86,631.
9.87,617.
9.88,620.
9.89,607.
9.9,602.
9.91,646.
9.92,594.
9.93,620.
9.94,602.
9.95,610.
9.96,583.
9.97,567.
9.98,608.
9.99,607.
10.,616.
10.01,605.
10.02,606.
10.03,605.
10.04,616.
10.05,594.
10.06,605.
10.07,602.
10.08,591.
10.09,599.
10.1,596.
10.11,568.
10.12,555.
10.13,582.
10.14,567.
10.15,574.
10.16,567.
10.17,578.
10.18,589.
10.19,597.
10.2,605.
10.21,615.
10.22,547.
10.23,592.
10.24,573.
10.25,545.
10.26,582.
10.27,564.
10.28,583.
10.29,604.
10.3,554.
10.31,561.
10.32,579.
10.33,558.
10.34,589.
10.35,573.
10.36,560.
10.37,554.
10.38,570.
10.39,584.
10.4,574.
10.41,576.
10.42,579.
10.43,518.
10.44,611.
10.45,595.
10.46,567.
10.47,523.
10.48,563.
10.49,569.
10.5,561.
10.51,541.
10.52,550.
10.53,580.
10.54,568.
10.55,589.
10.56,589.
10.57,587.
10.58,582.
10.59,585.
10.6,529.
10.61,550.
10.62,561.
10.63,592.
10.64,590.
10.65,534.
10.66,602.
10.67,528.
10.68,573.
10.69,532.
10.7,569.
10.71,590.
10.72,562.
10.73,581.
10.74,592.
10.75,533.
10.76,510.
10.77,572.
10.78,521.
10.79,566.
10.8,554.
10.81,490.
10.82,578.
10.83,548.
10.84,585.
10.85,574.
10.86,542.
10.87,549.
10.88,554.
10.89,547.
10.9,526.
10.91,522.
10.92,539.
10.93,565.
10.94,593.
10.95,567.
10.96,555.
10.97,578.
10.98,597.
10.99,556.
11.,566.
11.01,572.
11.02,568.
11.03,540.
11.04,517.
11.05,543.
11.06,564.
11.07,535.
11.08,570.
11.09,576.
11.1,535.
11.11,531.
11.12,519.
11.13,561.
11.14,532.
11.15,517.
11.16,579.
11.17,562.
11.18,546.
11.19,556.
11.2,556.
11.21,598.
11.22,526.
11.23,502.
11.24,500.
11.25,511.
11.26,545.
11.27,548.
11.28,498.
11.29,516.
11.3,565.
11.31,549.
11.32,542.
11.33,506.
11.34,543.
11.35,576.
11.36,526.
11.37,510.
11.38,607.
11.39,527.
11.4,540.
11.41,534.
11.42,498.
11.43,538.
11.44,554.
11.45,575.
11.46,518.
11.47,529.
11.48,500.
11.49,531.
11.5,511.
11.51,526.
11.52,542.
11.53,516.
11.54,556.
11.55,551.
11.56,536.
11.57,515.
11.58,505.
11.59,565.
11.6,547.
11.61,519.
11.62,520.
11.63,520.
11.64,580.
11.65,507.
11.66,529.
11.67,525.
11.68,523.
11.69,522.
11.7,549.
11.71,541.
11.72,543.
11.73,545.
11.74,543.
11.75,500.
11.76,486.
11.77,490.
11.78,540.
11.79,524.
11.8,488.
11.81,535.
11.82,522.
11.83,547.
11.84,530.
11.85,544.
11.86,508.
11.87,522.
11.88,516.
11.89,524.
11.9,511.
11.91,546.
11.92,511.
11.93,537.
11.94,503.
11.95,501.
11.96,525.
11.97,543.
11.98,522.
11.99,559.
12.,519.
12.01,537.
12.02,511.
12.03,504.
12.04,511.
12.05,531.
12.06,511.
12.07,538.
12.08,517.
12.09,502.
12.1,482.
12.11,539.
12.12,483.
12.13,478.
12.14,537.
12.15,488.
12.16,511.
12.17,522.
12.18,496.
12.19,539.
12.2,494.
12.21,504.
12.22,526.
12.23,528.
12.24,516.
12.25,518.
12.26,533.
12.27,500.
12.28,500.
12.29,502.
12.3,502.
12.31,528.
12.32,517.
12.33,479.
12.34,513.
12.35,491.
12.36,496.
12.37,487.
12.38,515.
12.39,517.
12.4,506.
12.41,511.
12.42,476.
12.43,514.
12.44,463.
12.45,479.
12.46,537.
12.47,490.
12.48,478.
12.49,511.
12.5,520.
12.51,488.
12.52,519.
12.53,476.
12.54,508.
12.55,565.
12.56,490.
12.57,485.
12.58,535.
12.59,488.
12.6,530.
12.61,480.
12.62,504.
12.63,476.
12.64,450.
12.65,482.
12.66,533.
12.67,467.
12.68,504.
12.69,529.
12.7,507.
12.71,489.
12.72,500.
12.73,472.
12.74,534.
12.75,495.
12.76,502.
12.77,493.
12.78,524.
12.79,519.
12.8,507.
12.81,481.
12.82,525.
12.83,493.
12.84,482.
12.85,481.
12.86,483.
12.87,478.
12.88,493.
12.89,491.
12.9,472.
12.91,500.
12.92,507.
12.93,501.
12.94,489.
12.95,466.
12.96,514.
12.97,448.
12.98,456.
12.99,498.
13.,493.
13.01,460.
13.02,485.
13.03,463.
13.04,473.
13.05,526.
13.06,527.
13.07,486.
13.08,468.
13.09,498.
13.1,466.
13.11,485.
13.12,506.
13.13,472.
13.14,450.
13.15,503.
13.16,453.
13.17,456.
13.18,463.
13.19,503.
13.2,489.
13.21,472.
13.22,492.
13.23,499.
13.24,486.
13.25,508.
13.26,462.
13.27,492.
13.28,484.
13.29,484.
13.3,482.
13.31,514.
13.32,467.
13.33,483.
13.34,497.
13.35,487.
13.36,477.
13.37,523.
13.38,459.
13.39,424.
13.4,481.
13.41,468.
13.42,471.
13.43,477.
13.44,415.
13.45,487.
13.46,455.
13.47,447.
13.48,471.
13.49,471.
13.5,447.
13.51,467.
13.52,475.
13.53,484.
13.54,470.
13.55,498.
13.56,501.
13.57,459.
13.58,459.
13.59,472.
13.6,475.
13.61,488.
13.62,484.
13.63,495.
13.64,509.
13.65,435.
13.66,488.
13.67,492.
13.68,461.
13.69,458.
13.7,443.
13.71,479.
13.72,492.
13.73,486.
13.74,385.
13.75,474.
13.76,502.
13.77,446.
13.78,476.
13.79,471.
13.8,459.
13.81,452.
13.82,482.
13.83,492.
13.84,452.
13.85,477.
13.86,402.
13.87,451.
13.88,460.
13.89,458.
13.9,448.
13.91,413.
13.92,414.
13.93,458.
13.94,443.
13.95,445.
13.96,446.
13.97,433.
13.98,444.
13.99,444.
14.,459.
14.01,497.
14.02,443.
14.03,455.
14.04,468.
14.05,466.
14.06,436.
14.07,459.
14.08,511.
14.09,462.
14.1,474.
14.11,446.
14.12,483.
14.13,434.
14.14,480.
14.15,463.
14.16,434.
14.17,470.
14.18,447.
14.19,436.
14.2,478.
14.21,451.
14.22,471.
14.23,466.
14.24,483.
14.25,465.
14.26,431.
14.27,455.
14.28,458.
14.29,476.
14.3,437.
14.31,479.
14.32,481.
14.33,450.
14.34,430.
14.35,459.
14.36,412.
14.37,422.
14.38,446.
14.39,424.
14.4,439.
14.41,435.
14.42,403.
14.43,436.
14.44,441.
14.45,448.
14.46,435.
14.47,432.
14.48,488.
14.49,457.
14.5,442.
14.51,454.
14.52,456.
14.53,450.
14.54,438.
14.55,424.
14.56,434.
14.57,366.
14.58,446.
14.59,445.
14.6,414.
14.61,412.
14.62,445.
14.63,416.
14.64,424.
14.65,405.
14.66,402.
14.67,460.
14.68,467.
14.69,430.
14.7,455.
14.71,401.
14.72,466.
14.73,416.
14.74,417.
14.75,456.
14.76,418.
14.77,415.
14.78,425.
14.79,439.
14.8,420.
14.81,440.
14.82,448.
14.83,427.
14.84,427.
14.85,430.
14.86,434.
14.87,438.
14.88,447.
14.89,425.
14.9,391.
14.91,438.
14.92,439.
14.93,438.
14.94,409.
14.95,430.
14.96,434.
14.97,424.
14.98,472.
14.99,422.
15.,420.
15.01,421.
15.02,417.
15.03,419.
15.04,430.
15.05,421.
15.06,392.
15.07,444.
15.08,436.
15.09,453.
15.1,427.
15.11,429.
15.12,446.
15.13,442.
15.14,397.
15.15,393.
15.16,422.
15.17,391.
15.18,396.
15.19,390.
15.2,374.
15.21,411.
15.22,401.
15.23,432.
15.24,407.
15.25,424.
15.26,411.
15.27,430.
15.28,412.
15.29,420.
15.3,440.
15.31,403.
15.32,407.
15.33,440.
15.34,428.
15.35,429.
15.36,440.
15.37,407.
15.38,416.
15.39,438.
15.4,394.
15.41,390.
15.42,404.
15.43,431.
15.44,390.
15.45,411.
15.46,415.
15.47,398.
15.48,421.
15.49,400.
15.5,398.
15.51,427.
15.52,369.
15.53,431.
15.54,431.
15.55,404.
15.56,425.
15.57,378.
15.58,413.
15.59,438.
15.6,407.
15.61,381.
15.62,412.
15.63,379.
15.64,376.
15.65,341.
15.66,429.
15.67,397.
15.68,405.
15.69,399.
15.7,433.
15.71,431.
15.72,400.
15.73,401.
15.74,374.
15.75,418.
15.76,374.
15.77,358.
15.78,358.
15.79,399.
15.8,443.
15.81,427.
15.82,387.
15.83,401.
15.84,389.
15.85,394.
15.86,389.
15.87,419.
15.88,369.
15.89,364.
15.9,389.
15.91,418.
15.92,387.
15.93,406.
15.94,427.
15.95,413.
15.96,394.
15.97,384.
15.98,422.
15.99,403.
16.,353.
16.01,419.
16.02,426.
16.03,363.
16.04,403.
16.05,411.
16.06,426.
16.07,400.
16.08,384.
16.09,386.
16.1,389.
16.11,355.
16.12,386.
16.13,377.
16.14,398.
16.15,416.
16.16,387.
16.17,352.
16.18,384.
16.19,386.
16.2,397.
16.21,405.
16.22,389.
16.23,371.
16.24,435.
16.25,396.
16.26,384.
16.27,379.
16.28,418.
16.29,402.
16.3,398.
16.31,378.
16.32,408.
16.33,388.
16.34,410.
16.35,379.
16.36,373.
16.37,421.
16.38,378.
16.39,408.
16.4,393.
16.41,355.
16.42,385.
16.43,389.
16.44,377.
16.45,390.
16.46,384.
16.47,386.
16.48,423.
16.49,425.
16.5,355.
16.51,409.
16.52,392.
16.53,387.
16.54,399.
16.55,417.
16.56,405.
16.57,357.
16.58,405.
16.59,395.
16.6,363.
16.61,398.
16.62,388.
16.63,370.
16.64,364.
16.65,358.
16.66,380.
16.67,399.
16.68,401.
16.69,423.
16.7,391.
16.71,390.
16.72,380.
16.73,404.
16.74,388.
16.75,361.
16.76,383.
16.77,374.
16.78,400.
16.79,360.
16.8,365.
16.81,360.
16.82,372.
16.83,371.
16.84,371.
16.85,360.
16.86,340.
16.87,416.
16.88,355.
16.89,336.
16.9,377.
16.91,381.
16.92,396.
16.93,406.
16.94,358.
16.95,350.
16.96,371.
16.97,353.
16.98,417.
16.99,367.
17.,362.
17.01,358.
17.02,393.
17.03,409.
17.04,377.
17.05,337.
17.06,349.
17.07,385.
17.08,357.
17.09,355.
17.1,359.
17.11,355.
17.12,387.
17.13,334.
17.14,368.
17.15,380.
17.16,407.
17.17,377.
17.18,353.
17.19,369.
17.2,380.
17.21,360.
17.22,345.
17.23,336.
17.24,364.
17.25,368.
17.26,335.
17.27,360.
17.28,372.
17.29,376.
17.3,343.
17.31,354.
17.32,346.
17.33,372.
17.34,394.
17.35,349.
17.36,360.
17.37,384.
17.38,404.
17.39,386.
17.4,356.
17.41,381.
17.42,377.
17.43,373.
17.44,403.
17.45,368.
17.46,350.
17.47,354.
17.48,394.
17.49,365.
17.5,357.
17.51,384.
17.52,337.
17.53,326.
17.54,334.
17.55,356.
17.56,324.
17.57,337.
17.58,362.
17.59,351.
17.6,332.
17.61,364.
17.62,367.
17.63,383.
17.64,343.
17.65,353.
17.66,354.
17.67,363.
17.68,378.
17.69,363.
17.7,378.
17.71,358.
17.72,344.
17.73,358.
17.74,332.
17.75,316.
17.76,361.
17.77,389.
17.78,361.
17.79,349.
17.8,350.
17.81,372.
17.82,358.
17.83,361.
17.84,334.
17.85,366.
17.86,362.
17.87,357.
17.88,338.
17.89,351.
17.9,375.
17.91,363.
17.92,324.
17.93,346.
17.94,340.
17.95,327.
17.96,389.
17.97,373.
17.98,363.
17.99,327.
18.,376.
18.01,362.
18.02,381.
18.03,336.
18.04,337.
18.05,369.
18.06,353.
18.07,332.
18.08,329.
18.09,357.
18.1,336.
18.11,404.
18.12,350.
18.13,377.
18.14,326.
18.15,343.
18.16,375.
18.17,338.
18.18,334.
18.19,348.
18.2,360.
18.21,381.
18.22,333.
18.23,338.
18.24,365.
18.25,356.
18.26,369.
18.27,344.
18.28,361.
18.29,335.
18.3,358.
18.31,330.
18.32,364.
18.33,332.
18.34,344.
18.35,334.
18.36,361.
18.37,343.
18.38,320.
18.39,354.
18.4,339.
18.41,347.
18.42,305.
18.43,352.
18.44,351.
18.45,353.
18.46,351.
18.47,338.
18.48,334.
18.49,323.
18.5,345.
18.51,373.
18.52,315.
18.53,355.
18.54,390.
18.55,329.
18.56,338.
18.57,358.
18.58,328.
18.59,335.
18.6,343.
18.61,365.
18.62,323.
18.63,320.
18.64,347.
18.65,337.
18.66,341.
18.67,354.
18.68,354.
18.69,345.
18.7,337.
18.71,352.
18.72,337.
18.73,347.
18.74,337.
18.75,354.
18.76,353.
18.77,351.
18.78,332.
18.79,351.
18.8,380.
18.81,328.
18.82,312.
18.83,330.
18.84,339.
18.85,331.
18.86,328.
18.87,342.
18.88,294.
18.89,355.
18.9,329.
18.91,333.
18.92,298.
18.93,348.
18.94,342.
18.95,335.
18.96,344.
18.97,370.
18.98,330.
18.99,339.
19.,370.
19.01,332.
19.02,323.
19.03,328.
19.04,319.
19.05,357.
19.06,332.
19.07,306.
19.08,306.
19.09,363.
19.1,350.
19.11,331.
19.12,307.
19.13,322.
19.14,346.
19.15,367.
19.16,361.
19.17,328.
19.18,330.
19.19,342.
19.2,327.
19.21,345.
19.22,347.
19.23,301.
19.24,336.
19.25,314.
19.26,344.
19.27,335.
19.28,337.
19.29,335.
19.3,365.
19.31,334.
19.32,350.
19.33,309.
19.34,309.
19.35,336.
19.36,340.
19.37,330.
19.38,324.
19.39,345.
19.4,357.
19.41,329.
19.42,344.
19.43,320.
19.44,309.
19.45,289.
19.46,340.
19.47,305.
19.48,327.
19.49,303.
19.5,313.
19.51,290.
19.52,311.
19.53,325.
19.54,344.
19.55,321.
19.56,337.
19.57,317.
19.58,346.
19.59,334.
19.6,336.
19.61,335.
19.62,310.
19.63,341.
19.64,334.
19.65,317.
19.66,345.
19.67,325.
19.68,316.
19.69,316.
19.7,356.
19.71,330.
19.72,349.
19.73,298.
19.74,323.
19.75,330.
19.76,339.
19.77,342.
19.78,335.
19.79,326.
19.8,331.
19.81,335.
19.82,301.
19.83,305.
19.84,312.
19.85,300.
19.86,347.
19.87,334.
19.88,313.
19.89,375.
19.9,334.
19.91,356.
19.92,323.
19.93,347.
19.94,342.
19.95,304.
19.96,274.
19.97,331.
19.98,323.
19.99,296.
20.,349.
20.01,273.
20.02,310.
20.03,331.
20.04,304.
20.05,339.
20.06,302.
20.07,352.
20.08,302.
20.09,326.
20.1,289.
20.11,339.
20.12,322.
20.13,322.
20.14,303.
20.15,332.
20.16,264.
20.17,329.
20.18,325.
20.19,334.
20.2,308.
20.21,333.
20.22,295.
20.23,317.
20.24,291.
20.25,323.
20.26,324.
20.27,325.
20.28,302.
20.29,315.
20.3,330.
20.31,297.
20.32,297.
20.33,313.
20.34,307.
20.35,295.
20.36,338.
20.37,320.
20.38,320.
20.39,291.
20.4,304.
20.41,299.
20.42,336.
20.43,289.
20.44,318.
20.45,290.
20.46,333.
20.47,316.
20.48,311.
20.49,296.
20.5,307.
20.51,330.
20.52,295.
20.53,322.
20.54,295.
20.55,302.
20.56,308.
20.57,295.
20.58,311.
20.59,311.
20.6,308.
20.61,323.
20.62,330.
20.63,308.
20.64,320.
20.65,331.
20.66,301.
20.67,315.
20.68,330.
20.69,288.
20.7,303.
20.71,295.
20.72,316.
20.73,354.
20.74,311.
20.75,276.
20.76,285.
20.77,295.
20.78,288.
20.79,340.
20.8,328.
20.81,303.
20.82,326.
20.83,274.
20.84,318.
20.85,319.
20.86,326.
20.87,355.
20.88,320.
20.89,304.
20.9,319.
20.91,288.
20.92,309.
20.93,287.
20.94,318.
20.95,305.
20.96,316.
20.97,297.
20.98,295.
20.99,322.
21.,304.
21.01,321.
21.02,299.
21.03,276.
21.04,309.
21.05,301.
21.06,310.
21.07,313.
21.08,311.
21.09,306.
21.1,320.
21.11,289.
21.12,300.
21.13,316.
21.14,289.
21.15,335.
21.16,306.
21.17,321.
21.18,305.
21.19,309.
21.2,311.
21.21,313.
21.22,295.
21.23,304.
21.24,313.
21.25,310.
21.26,317.
21.27,328.
21.28,280.
21.29,309.
21.3,303.
21.31,318.
21.32,283.
21.33,307.
21.34,294.
21.35,311.
21.36,331.
21.37,308.
21.38,295.
21.39,284.
21.4,313.
21.41,280.
21.42,277.
21.43,289.
21.44,311.
21.45,290.
21.46,283.
21.47,284.
21.48,304.
21.49,305.
21.5,313.
21.51,279.
21.52,310.
21.53,311.
21.54,301.
21.55,260.
21.56,287.
21.57,291.
21.58,321.
21.59,288.
21.6,296.
21.61,312.
21.62,291.
21.63,290.
21.64,302.
21.65,311.
21.66,323.
21.67,354.
21.68,295.
21.69,303.
21.7,331.
21.71,297.
21.72,299.
21.73,290.
21.74,290.
21.75,279.
21.76,312.
21.77,332.
21.78,293.
21.79,294.
21.8,277.
21.81,301.
21.82,302.
21.83,319.
21.84,318.
21.85,305.
21.86,282.
21.87,298.
21.88,297.
21.89,279.
21.9,284.
21.91,280.
21.92,287.
21.93,296.
21.94,314.
21.95,286.
21.96,294.
21.97,289.
21.98,302.
21.99,294.
22.,283.
22.01,294.
22.02,287.
22.03,278.
22.04,291.
22.05,262.
22.06,297.
22.07,307.
22.08,316.
22.09,290.
22.1,310.
22.11,275.
22.12,296.
22.13,291.
22.14,263.
22.15,332.
22.16,267.
22.17,310.
22.18,274.
22.19,308.
22.2,288.
22.21,248.
22.22,270.
22.23,256.
22.24,316.
22.25,299.
22.26,285.
22.27,297.
22.28,251.
22.29,288.
22.3,285.
22.31,300.
22.32,253.
22.33,290.
22.34,284.
22.35,273.
22.36,279.
22.37,279.
22.38,293.
22.39,270.
22.4,292.
22.41,329.
22.42,281.
22.43,253.
22.44,283.
22.45,272.
22.46,306.
22.47,272.
22.48,312.
22.49,309.
22.5,272.
22.51,270.
22.52,272.
22.53,321.
22.54,312.
22.55,298.
22.56,299.
22.57,285.
22.58,253.
22.59,287.
22.6,310.
22.61,278.
22.62,280.
22.63,275.
22.64,265.
22.65,269.
22.66,252.
22.67,280.
22.68,257.
22.69,276.
22.7,267.
22.71,249.
22.72,320.
22.73,262.
22.74,288.
22.75,278.
22.76,286.
22.77,263.
22.78,272.
22.79,251.
22.8,304.
22.81,307.
22.82,284.
22.83,272.
22.84,304.
22.85,298.
22.86,252.
22.87,265.
22.88,271.
22.89,237.
22.9,284.
22.91,291.
22.92,286.
22.93,296.
22.94,281.
22.95,260.
22.96,273.
22.97,276.
22.98,249.
22.99,278.
23.,261.
23.01,257.
23.02,144.
23.03,0.
23.04,0.
23.05,0.
23.06,0.
23.07,0.
23.08,0.
23.09,0.
23.1,0.
23.11,0.
23.12,0.
23.13,0.
23.14,0.
23.15,0.
23.16,0.
23.17,0.
23.18,0.
23.19,0.
23.2,0.
23.21,0.
23.22,0.
23.23,0.
23.24,0.
23.25,0.
23.26,0.
23.27,0.
23.28,0.
23.29,0.
23.3,0.
23.31,0.
23.32,0.
23.33,0.
23.34,0.
23.35,0.
23.36,0.
23.37,0.
23.38,0.
23.39,0.
23.4,0.
23.41,0.
23.42,0.
23.43,0.
23.44,0.
23.45,0.
23.46,0.
23.47,0.
23.48,0.
23.49,0.
23.5,0.
23.51,0.
23.52,0.
23.53,0.
23.54,0.
23.55,0.
23.56,0.
23.57,0.
23.58,0.
23.59,0.
23.6,0.
23.61,0.
23.62,0.
23.63,0.
23.64,0.
23.65,0.
23.66,0.
23.67,0.
23.68,0.
23.69,0.
23.7,0.
23.71,0.
23.72,0.
23.73,0.
23.74,0.
23.75,0.
23.76,0.
23.77,0.
23.78,0.
23.79,0.
23.8,0.
23.81,0.
23.82,0.
23.83,0.
23.84,0.
23.85,0.
23.86,0.
23.87,0.
23.88,0.
23.89,0.
23.9,0.
23.91,0.
23.92,0.
23.93,0.
23.94,0.
23.95,0.
23.96,0.
23.97,0.
23.98,0.
23.99,0.
24.,0.
24.01,0.
24.02,0.
24.03,0.
24.04,0.
24.05,0.
24.06,0.
24.07,0.
24.08,0.
24.09,0.
24.1,0.
24.11,0.
24.12,0.
24.13,0.
24.14,0.
24.15,0.
24.16,0.
24.17,0.
24.18,0.
24.19,0.
24.2,0.
24.21,0.
24.22,0.
24.23,0.
24.24,0.
24.25,0.
24.26,0.
24.27,0.
24.28,0.
24.29,0.
24.3,0.
24.31,0.
24.32,0.
24.33,0.
24.34,0.
24.35,0.
24.36,0.
24.37,0.
24.38,0.
24.39,0.
24.4,0.
24.41,0.
24.42,0.
24.43,0.
24.44,0.
24.45,0.
24.46,0.
24.47,0.
24.48,0.
24.49,0.
24.5,0.
24.51,0.
24.52,0.
24.53,0.
24.54,0.
24.55,0.
24.56,0.
24.57,0.
24.58,0.
24.59,0.
24.6,0.
24.61,0.
24.62,0.
24.63,0.
24.64,0.
24.65,0.
24.66,0.
24.67,0.
24.68,0.
24.69,0.
24.7,0.
24.71,0.
24.72,0.
24.73,0.
24.74,0.
24.75,0.
24.76,0.
24.77,0.
24.78,0.
24.79,0.
24.8,0.
24.81,0.
24.82,0.
24.83,0.
24.84,0.
24.85,0.
24.86,0.
24.87,0.
24.88,0.
24.89,0.
24.9,0.
24.91,0.
24.92,0.
24.93,0.
24.94,0.
24.95,0.
24.96,0.
24.97,0.
24.98,0.
24.99,0.
25.,0.
25.01,0.
25.02,0.
25.03,0.
25.04,0.
25.05,0.
25.06,0.
25.07,0.
25.08,0.
25.09,0.
25.1,0.
25.11,0.
25.12,0.
25.13,0.
25.14,0.
25.15,0.
25.16,0.
25.17,0.
25.18,0.
25.19,0.
25.2,0.
25.21,0.
25.22,0.
25.23,0.
25.24,0.
25.25,0.
25.26,0.
25.27,0.
25.28,0.
25.29,0.
25.3,0.
25.31,0.
25.32,0.
25.33,0.
25.34,0.
25.35,0.
25.36,0.
25.37,0.
25.38,0.
25.39,0.
25.4,0.
25.41,0.
25.42,0.
25.43,0.
25.44,0.
25.45,0.
25.46,0.
25.47,0.
25.48,0.
25.49,0.
25.5,0.
25.51,0.
25.52,0.
25.53,0.
25.54,0.
25.55,0.
25.56,0.
25.57,0.
25.58,0.
25.59,0.
25.6,0.
25.61,0.
25.62,0.
25.63,0.
25.64,0.
25.65,0.
25.66,0.
25.67,0.
25.68,0.
25.69,0.
25.7,0.
25.71,0.
25.72,0.
25.73,0.
25.74,0.
25.75,0.
25.76,0.
25.77,0.
25.78,0.
25.79,0.
25.8,0.
25.81,0.
25.82,0.
25.83,0.
25.84,0.
25.85,0.
25.86,0.
25.87,0.
25.88,0.
25.89,0.
25.9,0.
25.91,0.
25.92,0.
25.93,0.
25.94,0.
25.95,0.
25.96,0.
25.97,0.
25.98,0.
25.99,0.
26.,0.
26.01,0.
26.02,27.
26.03,330.
26.04,352.
26.05,376.
26.06,352.
26.07,348.
26.08,329.
26.09,341.
26.1,325.
26.11,338.
26.12,327.
26.13,343.
26.14,305.
26.15,343.
26.16,354.
26.17,322.
26.18,329.
26.19,319.
26.2,289.
26.21,302.
26.22,300.
26.23,307.
26.24,305.
26.25,299.
26.26,309.
26.27,326.
26.28,306.
26.29,297.
26.3,304.
26.31,296.
26.32,304.
26.33,313.
26.34,305.
26.35,281.
26.36,283.
26.37,278.
26.38,321.
26.39,298.
26.4,291.
26.41,319.
26.42,299.
26.43,287.
26.44,282.
26.45,285.
26.46,303.
26.47,303.
26.48,300.
26.49,305.
26.5,284.
26.51,317.
26.52,245.
26.53,314.
26.54,299.
26.55,321.
26.56,326.
26.57,282.
26.58,274.
26.59,301.
26.6,318.
26.61,273.
26.62,266.
26.63,283.
26.64,304.
26.65,270.
26.66,287.
26.67,288.
26.68,287.
26.69,293.
26.7,301.
26.71,265.
26.72,292.
26.73,273.
26.74,272.
26.75,271.
26.76,287.
26.77,278.
26.78,274.
26.79,262.
26.8,293.
26.81,267.
26.82,248.
26.83,303.
26.84,242.
26.85,290.
26.86,266.
26.87,259.
26.88,266.
26.89,277.
26.9,282.
26.91,302.
26.92,260.
26.93,280.
26.94,303.
26.95,304.
26.96,268.
26.97,271.
26.98,259.
26.99,290.
27.,256.
27.01,264.
27.02,306.
27.03,282.
27.04,278.
27.05,296.
27.06,296.
27.07,272.
27.08,260.
27.09,274.
27.1,265.
27.11,224.
27.12,295.
27.13,271.
27.14,236.
27.15,265.
27.16,267.
27.17,264.
27.18,275.
27.19,276.
27.2,243.
27.21,280.
27.22,259.
27.23,258.
27.24,279.
27.25,274.
27.26,283.
27.27,265.
27.28,288.
27.29,277.
27.3,265.
27.31,260.
27.32,264.
27.33,284.
27.34,297.
27.35,258.
27.36,265.
27.37,263.
27.38,274.
27.39,260.
27.4,284.
27.41,278.
27.42,278.
27.43,257.
27.44,250.
27.45,250.
27.46,279.
27.47,255.
27.48,227.
27.49,242.
27.5,234.
27.51,281.
27.52,257.
27.53,267.
27.54,258.
27.55,291.
27.56,282.
27.57,266.
27.58,257.
27.59,243.
27.6,259.
27.61,251.
27.62,241.
27.63,265.
27.64,251.
27.65,263.
27.66,247.
27.67,282.
27.68,246.
27.69,268.
27.7,236.
27.71,251.
27.72,257.
27.73,247.
27.74,257.
27.75,267.
27.76,260.
27.77,276.
27.78,298.
27.79,270.
27.8,238.
27.81,287.
27.82,281.
27.83,257.
27.84,274.
27.85,247.
27.86,224.
27.87,264.
27.88,286.
27.89,255.
27.9,248.
27.91,243.
27.92,233.
27.93,261.
27.94,281.
27.95,261.
27.96,287.
27.97,248.
27.98,274.
27.99,257.
28.,245.
28.01,272.
28.02,253.
28.03,263.
28.04,256.
28.05,292.
28.06,256.
28.07,250.
28.08,259.
28.09,252.
28.1,264.
28.11,252.
28.12,279.
28.13,253.
28.14,247.
28.15,262.
28.16,242.
28.17,237.
28.18,265.
28.19,270.
28.2,257.
28.21,232.
28.22,260.
28.23,245.
28.24,275.
28.25,224.
28.26,258.
28.27,255.
28.28,236.
28.29,236.
28.3,249.
28.31,255.
28.32,252.
28.33,247.
28.34,253.
28.35,243.
28.36,250.
28.37,252.
28.38,269.
28.39,242.
28.4,246.
28.41,274.
28.42,230.
28.43,256.
28.44,245.
28.45,269.
28.46,252.
28.47,246.
28.48,249.
28.49,241.
28.5,264.
28.51,255.
28.52,231.
28.53,250.
28.54,227.
28.55,268.
28.56,239.
28.57,266.
28.58,243.
28.59,256.
28.6,231.
28.61,223.
28.62,248.
28.63,265.
28.64,277.
28.65,235.
28.66,266.
28.67,253.
28.68,273.
28.69,250.
28.7,258.
28.71,256.
28.72,235.
28.73,223.
28.74,250.
28.75,253.
28.76,230.
28.77,239.
28.78,215.
28.79,225.
28.8,231.
28.81,249.
28.82,246.
28.83,252.
28.84,246.
28.85,197.
28.86,258.
28.87,224.
28.88,224.
28.89,225.
28.9,244.
28.91,239.
28.92,236.
28.93,248.
28.94,240.
28.95,206.
28.96,222.
28.97,222.
28.98,239.
28.99,249.
29.,242.
29.01,254.
29.02,264.
29.03,236.
29.04,226.
29.05,247.
29.06,241.
29.07,247.
29.08,256.
29.09,244.
29.1,236.
29.11,250.
29.12,253.
29.13,210.
29.14,206.
29.15,234.
29.16,229.
29.17,269.
29.18,231.
29.19,243.
29.2,237.
29.21,233.
29.22,228.
29.23,244.
29.24,242.
29.25,253.
29.26,249.
29.27,233.
29.28,260.
29.29,252.
29.3,233.
29.31,229.
29.32,262.
29.33,231.
29.34,255.
29.35,263.
29.36,247.
29.37,225.
29.38,248.
29.39,239.
29.4,247.
29.41,244.
29.42,258.
29.43,255.
29.44,262.
29.45,248.
29.46,241.
29.47,234.
29.48,240.
29.49,248.
29.5,242.
29.51,190.
29.52,265.
29.53,238.
29.54,225.
29.55,217.
29.56,242.
29.57,221.
29.58,231.
29.59,242.
29.6,225.
29.61,246.
29.62,241.
29.63,227.
29.64,245.
29.65,257.
29.66,256.
29.67,242.
29.68,224.
29.69,251.
29.7,252.
29.71,238.
29.72,244.
29.73,252.
29.74,249.
29.75,226.
29.76,211.
29.77,228.
29.78,232.
29.79,244.
29.8,203.
29.81,281.
29.82,248.
29.83,238.
29.84,256.
29.85,238.
29.86,245.
29.87,244.
29.88,264.
29.89,243.
29.9,243.
29.91,219.
29.92,240.
29.93,233.
29.94,232.
29.95,233.
29.96,246.
29.97,238.
29.98,243.
29.99,234.
30.,232.
30.01,246.
30.02,244.
30.03,239.
30.04,209.
30.05,231.
30.06,232.
30.07,248.
30.08,230.
30.09,230.
30.1,235.
30.11,239.
30.12,239.
30.13,225.
30.14,216.
30.15,214.
30.16,234.
30.17,225.
30.18,217.
30.19,232.
30.2,229.
30.21,223.
30.22,235.
30.23,220.
30.24,233.
30.25,221.
30.26,238.
30.27,256.
30.28,232.
30.29,224.
30.3,215.
30.31,258.
30.32,223.
30.33,217.
30.34,224.
30.35,205.
30.36,222.
30.37,241.
30.38,234.
30.39,210.
30.4,221.
30.41,245.
30.42,261.
30.43,222.
30.44,249.
30.45,238.
30.46,219.
30.47,203.
30.48,231.
30.49,231.
30.5,221.
30.51,236.
30.52,227.
30.53,218.
30.54,209.
30.55,221.
30.56,213.
30.57,229.
30.58,208.
30.59,210.
30.6,202.
30.61,246.
30.62,198.
30.63,252.
30.64,214.
30.65,217.
30.66,228.
30.67,217.
30.68,218.
30.69,207.
30.7,216.
30.71,259.
30.72,227.
30.73,234.
30.74,228.
30.75,218.
30.76,233.
30.77,218.
30.78,234.
30.79,235.
30.8,211.
30.81,208.
30.82,221.
30.83,251.
30.84,205.
30.85,225.
30.86,238.
30.87,221.
30.88,231.
30.89,232.
30.9,240.
30.91,190.
30.92,203.
30.93,210.
30.94,227.
30.95,221.
30.96,233.
30.97,231.
30.98,232.
30.99,212.
31.,223.
31.01,243.
31.02,225.
31.03,247.
31.04,201.
31.05,247.
31.06,208.
31.07,207.
31.08,226.
31.09,241.
31.1,240.
31.11,207.
31.12,244.
31.13,241.
31.14,216.
31.15,251.
31.16,233.
31.17,228.
31.18,243.
31.19,221.
31.2,214.
31.21,257.
31.22,223.
31.23,244.
31.24,209.
31.25,201.
31.26,240.
31.27,231.
31.28,218.
31.29,230.
31.3,194.
31.31,223.
31.32,220.
31.33,232.
31.34,219.
31.35,211.
31.36,207.
31.37,238.
31.38,231.
31.39,226.
31.4,208.
31.41,201.
31.42,210.
31.43,214.
31.44,236.
31.45,228.
31.46,210.
31.47,194.
31.48,218.
31.49,223.
31.5,223.
31.51,248.
31.52,237.
31.53,219.
31.54,223.
31.55,240.
31.56,218.
31.57,241.
31.58,219.
31.59,209.
31.6,195.
31.61,200.
31.62,200.
31.63,177.
31.64,224.
31.65,245.
31.66,243.
31.67,192.
31.68,212.
31.69,210.
31.7,253.
31.71,233.
31.72,227.
31.73,212.
31.74,239.
31.75,201.
31.76,227.
31.77,216.
31.78,219.
31.79,208.
31.8,222.
31.81,211.
31.82,228.
31.83,234.
31.84,222.
31.85,197.
31.86,185.
31.87,246.
31.88,195.
31.89,212.
31.9,231.
31.91,214.
31.92,202.
31.93,218.
31.94,217.
31.95,208.
31.96,198.
31.97,212.
31.98,200.
31.99,193.
32.,240.
32.01,204.
32.02,205.
32.03,207.
32.04,214.
32.05,223.
32.06,220.
32.07,212.
32.08,219.
32.09,214.
32.1,221.
32.11,231.
32.12,217.
32.13,211.
32.14,217.
32.15,233.
32.16,226.
32.17,208.
32.18,247.
32.19,202.
32.2,203.
32.21,205.
32.22,212.
32.23,206.
32.24,235.
32.25,234.
32.26,220.
32.27,228.
32.28,238.
32.29,225.
32.3,214.
32.31,212.
32.32,216.
32.33,205.
32.34,221.
32.35,207.
32.36,214.
32.37,231.
32.38,240.
32.39,235.
32.4,223.
32.41,208.
32.42,210.
32.43,218.
32.44,214.
32.45,219.
32.46,207.
32.47,232.
32.48,216.
32.49,225.
32.5,218.
32.51,210.
32.52,210.
32.53,210.
32.54,232.
32.55,194.
32.56,220.
32.57,236.
32.58,207.
32.59,211.
32.6,184.
32.61,235.
32.62,239.
32.63,218.
32.64,206.
32.65,207.
32.66,220.
32.67,204.
32.68,218.
32.69,218.
32.7,193.
32.71,231.
32.72,218.
32.73,226.
32.74,207.
32.75,188.
32.76,239.
32.77,199.
32.78,206.
32.79,210.
32.8,201.
32.81,235.
32.82,226.
32.83,229.
32.84,207.
32.85,209.
32.86,223.
32.87,232.
32.88,194.
32.89,207.
32.9,198.
32.91,224.
32.92,215.
32.93,205.
32.94,210.
32.95,203.
32.96,208.
32.97,204.
32.98,208.
32.99,204.
33.,219.
33.01,201.
33.02,217.
33.03,217.
33.04,198.
33.05,188.
33.06,217.
33.07,210.
33.08,224.
33.09,204.
33.1,213.
33.11,210.
33.12,205.
33.13,190.
33.14,199.
33.15,208.
33.16,223.
33.17,208.
33.18,220.
33.19,189.
33.2,215.
33.21,219.
33.22,223.
33.23,205.
33.24,199.
33.25,212.
33.26,223.
33.27,197.
33.28,184.
33.29,223.
33.3,203.
33.31,191.
33.32,227.
33.33,222.
33.34,214.
33.35,191.
33.36,221.
33.37,203.
33.38,239.
33.39,203.
33.4,196.
33.41,196.
33.42,190.
33.43,203.
33.44,239.
33.45,199.
33.46,209.
33.47,226.
33.48,214.
33.49,193.
33.5,193.
33.51,224.
33.52,198.
33.53,206.
33.54,193.
33.55,216.
33.56,210.
33.57,207.
33.58,184.
33.59,222.
33.6,225.
33.61,198.
33.62,200.
33.63,185.
33.64,214.
33.65,183.
33.66,208.
33.67,203.
33.68,180.
33.69,189.
33.7,185.
33.71,219.
33.72,216.
33.73,223.
33.74,163.
33.75,211.
33.76,201.
33.77,204.
33.78,210.
33.79,223.
33.8,207.
33.81,168.
33.82,194.
33.83,189.
33.84,200.
33.85,204.
33.86,184.
33.87,202.
33.88,198.
33.89,204.
33.9,200.
33.91,209.
33.92,185.
33.93,193.
33.94,216.
33.95,182.
33.96,190.
33.97,232.
33.98,189.
33.99,214.
34.,159.
34.01,196.
34.02,180.
34.03,186.
34.04,177.
34.05,206.
34.06,227.
34.07,211.
34.08,188.
34.09,194.
34.1,189.
34.11,197.
34.12,204.
34.13,187.
34.14,218.
34.15,178.
34.16,195.
34.17,197.
34.18,188.
34.19,204.
34.2,180.
34.21,199.
34.22,205.
34.23,194.
34.24,181.
34.25,199.
34.26,206.
34.27,217.
34.28,202.
34.29,208.
34.3,204.
34.31,175.
34.32,205.
34.33,213.
34.34,202.
34.35,211.
34.36,211.
34.37,178.
34.38,190.
34.39,206.
34.4,185.
34.41,210.
34.42,197.
34.43,187.
34.44,185.
34.45,189.
34.46,197.
34.47,186.
34.48,198.
34.49,188.
34.5,196.
34.51,211.
34.52,184.
34.53,216.
34.54,191.
34.55,199.
34.56,207.
34.57,192.
34.58,194.
34.59,188.
34.6,171.
34.61,212.
34.62,176.
34.63,199.
34.64,200.
34.65,209.
34.66,212.
34.67,224.
34.68,194.
34.69,217.
34.7,186.
34.71,206.
34.72,193.
34.73,216.
34.74,199.
34.75,207.
34.76,197.
34.77,203.
34.78,181.
34.79,161.
34.8,186.
34.81,199.
34.82,218.
34.83,182.
34.84,182.
34.85,187.
34.86,187.
34.87,194.
34.88,206.
34.89,190.
34.9,183.
34.91,200.
34.92,171.
34.93,206.
34.94,208.
34.95,181.
34.96,192.
34.97,186.
34.98,194.
34.99,181.
35.,181.
35.01,185.
35.02,218.
35.03,215.
35.04,195.
35.05,193.
35.06,199.
35.07,184.
35.08,209.
35.09,201.
35.1,211.
35.11,173.
35.12,184.
35.13,205.
35.14,200.
35.15,198.
35.16,218.
35.17,200.
35.18,199.
35.19,189.
35.2,205.
35.21,206.
35.22,199.
35.23,201.
35.24,224.
35.25,169.
35.26,174.
35.27,184.
35.28,181.
35.29,186.
35.3,190.
35.31,178.
35.32,208.
35.33,205.
35.34,190.
35.35,198.
35.36,168.
35.37,206.
35.38,192.
35.39,180.
35.4,190.
35.41,217.
35.42,162.
35.43,185.
35.44,198.
35.45,200.
35.46,170.
35.47,195.
35.48,184.
35.49,186.
35.5,216.
35.51,224.
35.52,209.
35.53,193.
35.54,191.
35.55,189.
35.56,197.
35.57,208.
35.58,196.
35.59,174.
35.6,162.
35.61,200.
35.62,200.
35.63,170.
35.64,179.
35.65,199.
35.66,190.
35.67,182.
35.68,200.
35.69,172.
35.7,199.
35.71,201.
35.72,191.
35.73,178.
35.74,207.
35.75,194.
35.76,193.
35.77,191.
35.78,191.
35.79,185.
35.8,204.
35.81,175.
35.82,187.
35.83,211.
35.84,203.
35.85,220.
35.86,181.
35.87,194.
35.88,173.
35.89,186.
35.9,188.
35.91,168.
35.92,175.
35.93,184.
35.94,185.
35.95,206.
35.96,193.
35.97,150.
35.98,171.
35.99,182.
36.,186.
36.01,184.
36.02,174.
36.03,201.
36.04,183.
36.05,196.
36.06,152.
36.07,185.
36.08,181.
36.09,208.
36.1,169.
36.11,172.
36.12,190.
36.13,174.
36.14,167.
36.15,204.
36.16,183.
36.17,191.
36.18,180.
36.19,192.
36.2,200.
36.21,201.
36.22,195.
36.23,181.
36.24,175.
36.25,174.
36.26,202.
36.27,204.
36.28,167.
36.29,198.
36.3,189.
36.31,191.
36.32,164.
36.33,200.
36.34,199.
36.35,174.
36.36,205.
36.37,198.
36.38,224.
36.39,199.
36.4,190.
36.41,189.
36.42,168.
36.43,170.
36.44,190.
36.45,210.
36.46,200.
36.47,229.
36.48,202.
36.49,188.
36.5,194.
36.51,194.
36.52,190.
36.53,183.
36.54,202.
36.55,181.
36.56,190.
36.57,205.
36.58,174.
36.59,180.
36.6,186.
36.61,179.
36.62,193.
36.63,189.
36.64,178.
36.65,181.
36.66,187.
36.67,192.
36.68,201.
36.69,200.
36.7,202.
36.71,176.
36.72,186.
36.73,196.
36.74,194.
36.75,171.
36.76,204.
36.77,173.
36.78,194.
36.79,175.
36.8,174.
36.81,170.
36.82,209.
36.83,194.
36.84,187.
36.85,183.
36.86,185.
36.87,217.
36.88,193.
36.89,203.
36.9,169.
36.91,199.
36.92,175.
36.93,183.
36.94,195.
36.95,185.
36.96,183.
36.97,190.
36.98,169.
36.99,175.
37.,182.
37.01,191.
37.02,197.
37.03,172.
37.04,189.
37.05,213.
37.06,196.
37.07,180.
37.08,182.
37.09,206.
37.1,184.
37.11,207.
37.12,180.
37.13,190.
37.14,154.
37.15,166.
37.16,161.
37.17,198.
37.18,164.
37.19,178.
37.2,170.
37.21,152.
37.22,185.
37.23,182.
37.24,160.
37.25,187.
37.26,182.
37.27,172.
37.28,157.
37.29,164.
37.3,192.
37.31,174.
37.32,188.
37.33,185.
37.34,195.
37.35,186.
37.36,187.
37.37,200.
37.38,178.
37.39,196.
37.4,193.
37.41,203.
37.42,188.
37.43,181.
37.44,188.
37.45,178.
37.46,178.
37.47,195.
37.48,197.
37.49,181.
37.5,181.
37.51,183.
37.52,172.
37.53,174.
37.54,199.
37.55,184.
37.56,168.
37.57,177.
37.58,178.
37.59,146.
37.6,189.
37.61,172.
37.62,184.
37.63,189.
37.64,174.
37.65,175.
37.66,162.
37.67,182.
37.68,190.
37.69,190.
37.7,176.
37.71,183.
37.72,160.
37.73,194.
37.74,188.
37.75,163.
37.76,177.
37.77,195.
37.78,176.
37.79,203.
37.8,187.
37.81,160.
37.82,163.
37.83,180.
37.84,180.
37.85,184.
37.86,179.
37.87,169.
37.88,180.
37.89,196.
37.9,163.
37.91,180.
37.92,177.
37.93,207.
37.94,182.
37.95,178.
37.96,170.
37.97,165.
37.98,181.
37.99,192.
38.,179.
38.01,166.
38.02,159.
38.03,157.
38.04,178.
38.05,180.
38.06,181.
38.07,169.
38.08,199.
38.09,164.
38.1,179.
38.11,183.
38.12,165.
38.13,193.
38.14,170.
38.15,172.
38.16,176.
38.17,177.
38.18,200.
38.19,159.
38.2,151.
38.21,172.
38.22,196.
38.23,175.
38.24,205.
38.25,170.
38.26,195.
38.27,168.
38.28,197.
38.29,181.
38.3,199.
38.31,170.
38.32,173.
38.33,180.
38.34,175.
38.35,196.
38.36,184.
38.37,170.
38.38,175.
38.39,173.
38.4,195.
38.41,151.
38.42,155.
38.43,180.
38.44,184.
38.45,188.
38.46,186.
38.47,175.
38.48,159.
38.49,182.
38.5,181.
38.51,181.
38.52,169.
38.53,192.
38.54,167.
38.55,170.
38.56,162.
38.57,172.
38.58,173.
38.59,156.
38.6,185.
38.61,215.
38.62,174.
38.63,186.
38.64,160.
38.65,163.
38.66,162.
38.67,189.
38.68,172.
38.69,183.
38.7,166.
38.71,171.
38.72,208.
38.73,171.
38.74,166.
38.75,179.
38.76,168.
38.77,168.
38.78,157.
38.79,172.
38.8,178.
38.81,181.
38.82,165.
38.83,160.
38.84,188.
38.85,179.
38.86,158.
38.87,171.
38.88,182.
38.89,176.
38.9,181.
38.91,190.
38.92,159.
38.93,165.
38.94,187.
38.95,158.
38.96,153.
38.97,170.
38.98,177.
38.99,159.
39.,163.
39.01,166.
39.02,189.
39.03,192.
39.04,174.
39.05,181.
39.06,183.
39.07,169.
39.08,191.
39.09,171.
39.1,174.
39.11,169.
39.12,157.
39.13,168.
39.14,184.
39.15,175.
39.16,171.
39.17,180.
39.18,168.
39.19,176.
39.2,173.
39.21,185.
39.22,176.
39.23,185.
39.24,154.
39.25,164.
39.26,172.
39.27,169.
39.28,185.
39.29,189.
39.3,159.
39.31,181.
39.32,185.
39.33,176.
39.34,180.
39.35,189.
39.36,188.
39.37,173.
39.38,176.
39.39,181.
39.4,157.
39.41,174.
39.42,145.
39.43,163.
39.44,173.
39.45,168.
39.46,160.
39.47,180.
39.48,184.
39.49,161.
39.5,188.
39.51,195.
39.52,147.
39.53,203.
39.54,160.
39.55,158.
39.56,158.
39.57,178.
39.58,195.
39.59,162.
39.6,189.
39.61,184.
39.62,174.
39.63,164.
39.64,158.
39.65,163.
39.66,172.
39.67,171.
39.68,175.
39.69,203.
39.7,171.
39.71,166.
39.72,176.
39.73,179.
39.74,164.
39.75,159.
39.76,164.
39.77,177.
39.78,169.
39.79,168.
39.8,172.
39.81,186.
39.82,168.
39.83,168.
39.84,159.
39.85,188.
39.86,154.
39.87,164.
39.88,169.
39.89,179.
39.9,174.
39.91,154.
39.92,191.
39.93,198.
39.94,179.
39.95,165.
39.96,166.
39.97,170.
39.98,161.
39.99,150.
40.,181.
40.01,144.
40.02,167.
40.03,174.
40.04,188.
40.05,174.
40.06,160.
40.07,153.
40.08,149.
40.09,175.
40.1,170.
40.11,171.
40.12,160.
40.13,170.
40.14,173.
40.15,164.
40.16,195.
40.17,160.
40.18,148.
40.19,167.
40.2,171.
40.21,142.
40.22,168.
40.23,171.
40.24,178.
40.25,175.
40.26,163.
40.27,190.
40.28,179.
40.29,166.
40.3,157.
40.31,184.
40.32,150.
40.33,204.
40.34,158.
40.35,149.
40.36,176.
40.37,159.
40.38,163.
40.39,170.
40.4,190.
40.41,149.
40.42,169.
40.43,150.
40.44,161.
40.45,197.
40.46,173.
40.47,143.
40.48,172.
40.49,125.
40.5,183.
40.51,162.
40.52,153.
40.53,145.
40.54,158.
40.55,162.
40.56,164.
40.57,139.
40.58,177.
40.59,179.
40.6,142.
40.61,158.
40.62,165.
40.63,164.
40.64,136.
40.65,156.
40.66,159.
40.67,170.
40.68,176.
40.69,152.
40.7,129.
40.71,158.
40.72,163.
40.73,159.
40.74,163.
40.75,155.
40.76,156.
40.77,181.
40.78,177.
40.79,158.
40.8,157.
40.81,175.
40.82,165.
40.83,159.
40.84,147.
40.85,164.
40.86,170.
40.87,165.
40.88,175.
40.89,136.
40.9,162.
40.91,140.
40.92,178.
40.93,146.
40.94,150.
40.95,183.
40.96,189.
40.97,163.
40.98,188.
40.99,154.
41.,178.
41.01,157.
41.02,156.
41.03,178.
41.04,169.
41.05,151.
41.06,154.
41.07,173.
41.08,158.
41.09,166.
41.1,182.
41.11,154.
41.12,176.
41.13,180.
41.14,172.
41.15,165.
41.16,123.
41.17,170.
41.18,188.
41.19,179.
41.2,153.
41.21,164.
41.22,149.
41.23,185.
41.24,141.
41.25,160.
41.26,165.
41.27,181.
41.28,172.
41.29,183.
41.3,159.
41.31,151.
41.32,153.
41.33,172.
41.34,180.
41.35,162.
41.36,132.
41.37,173.
41.38,161.
41.39,177.
41.4,157.
41.41,148.
41.42,176.
41.43,148.
41.44,151.
41.45,148.
41.46,141.
41.47,149.
41.48,150.
41.49,157.
41.5,168.
41.51,151.
41.52,196.
41.53,147.
41.54,173.
41.55,142.
41.56,149.
41.57,161.
41.58,150.
41.59,160.
41.6,166.
41.61,168.
41.62,163.
41.63,178.
41.64,159.
41.65,161.
41.66,162.
41.67,173.
41.68,161.
41.69,162.
41.7,166.
41.71,167.
41.72,164.
41.73,180.
41.74,179.
41.75,165.
41.76,146.
41.77,151.
41.78,196.
41.79,166.
41.8,165.
41.81,153.
41.82,156.
41.83,168.
41.84,151.
41.85,177.
41.86,151.
41.87,165.
41.88,163.
41.89,173.
41.9,165.
41.91,147.
41.92,155.
41.93,146.
41.94,145.
41.95,144.
41.96,153.
41.97,172.
41.98,193.
41.99,153.
42.,146.
42.01,162.
42.02,152.
42.03,152.
42.04,190.
42.05,181.
42.06,155.
42.07,173.
42.08,155.
42.09,162.
42.1,152.
42.11,178.
42.12,157.
42.13,147.
42.14,159.
42.15,163.
42.16,143.
42.17,172.
42.18,146.
42.19,139.
42.2,165.
42.21,154.
42.22,173.
42.23,176.
42.24,176.
42.25,149.
42.26,171.
42.27,171.
42.28,157.
42.29,174.
42.3,145.
42.31,169.
42.32,164.
42.33,168.
42.34,142.
42.35,182.
42.36,139.
42.37,157.
42.38,146.
42.39,134.
42.4,154.
42.41,163.
42.42,170.
42.43,156.
42.44,177.
42.45,155.
42.46,169.
42.47,158.
42.48,147.
42.49,141.
42.5,149.
42.51,161.
42.52,169.
42.53,149.
42.54,172.
42.55,165.
42.56,167.
42.57,155.
42.58,150.
42.59,175.
42.6,159.
42.61,144.
42.62,156.
42.63,159.
42.64,153.
42.65,153.
42.66,148.
42.67,144.
42.68,163.
42.69,176.
42.7,136.
42.71,139.
42.72,169.
42.73,156.
42.74,136.
42.75,150.
42.76,163.
42.77,142.
42.78,139.
42.79,150.
42.8,168.
42.81,147.
42.82,134.
42.83,144.
42.84,159.
42.85,146.
42.86,155.
42.87,160.
42.88,151.
42.89,160.
42.9,160.
42.91,136.
42.92,174.
42.93,179.
42.94,151.
42.95,154.
42.96,160.
42.97,155.
42.98,168.
42.99,155.
43.,157.
43.01,177.
43.02,143.
43.03,164.
43.04,154.
